model_id,name,category,condition,sample_count,merchant_count,min_eur,p25_eur,median_eur,p75_eur,max_eur,delivered_min_eur,shipping_known_count,confidence,observed_at,eligible_for_review,notes
rtx-2060-6gb,RTX 2060 6GB,gpu,new,0,0,,,,,,,0,no_data,,False,Observed retail offers; verify checkout and exact SKU
rtx-2060-6gb,RTX 2060 6GB,gpu,used,0,0,,,,,,,0,no_data,,False,OLX asking prices; not sold prices
rtx-2060-super-8gb,RTX 2060 Super 8GB,gpu,new,0,0,,,,,,,0,no_data,,False,Observed retail offers; verify checkout and exact SKU
rtx-2060-super-8gb,RTX 2060 Super 8GB,gpu,used,0,0,,,,,,,0,no_data,,False,OLX asking prices; not sold prices
rtx-2070-8gb,RTX 2070 8GB,gpu,new,0,0,,,,,,,0,no_data,,False,Observed retail offers; verify checkout and exact SKU
rtx-2070-8gb,RTX 2070 8GB,gpu,used,0,0,,,,,,,0,no_data,,False,OLX asking prices; not sold prices
rtx-2070-super-8gb,RTX 2070 Super 8GB,gpu,new,0,0,,,,,,,0,no_data,,False,Observed retail offers; verify checkout and exact SKU
rtx-2070-super-8gb,RTX 2070 Super 8GB,gpu,used,0,0,,,,,,,0,no_data,,False,OLX asking prices; not sold prices
rtx-2080-8gb,RTX 2080 8GB,gpu,new,0,0,,,,,,,0,no_data,,False,Observed retail offers; verify checkout and exact SKU
rtx-2080-8gb,RTX 2080 8GB,gpu,used,0,0,,,,,,,0,no_data,,False,OLX asking prices; not sold prices
rtx-2080-super-8gb,RTX 2080 Super 8GB,gpu,new,0,0,,,,,,,0,no_data,,False,Observed retail offers; verify checkout and exact SKU
rtx-2080-super-8gb,RTX 2080 Super 8GB,gpu,used,0,0,,,,,,,0,no_data,,False,OLX asking prices; not sold prices
rtx-2080-ti-11gb,RTX 2080 Ti 11GB,gpu,new,0,0,,,,,,,0,no_data,,False,Observed retail offers; verify checkout and exact SKU
rtx-2080-ti-11gb,RTX 2080 Ti 11GB,gpu,used,0,0,,,,,,,0,no_data,,False,OLX asking prices; not sold prices
rtx-3050-6gb,RTX 3050 6GB,gpu,new,0,0,,,,,,,0,no_data,,False,Observed retail offers; verify checkout and exact SKU
rtx-3050-6gb,RTX 3050 6GB,gpu,used,0,0,,,,,,,0,no_data,,False,OLX asking prices; not sold prices
rtx-3050-8gb,RTX 3050 8GB,gpu,new,0,0,,,,,,,0,no_data,,False,Observed retail offers; verify checkout and exact SKU
rtx-3050-8gb,RTX 3050 8GB,gpu,used,0,0,,,,,,,0,no_data,,False,OLX asking prices; not sold prices
rtx-3060-8gb,RTX 3060 8GB,gpu,new,0,0,,,,,,,0,no_data,,False,Observed retail offers; verify checkout and exact SKU
rtx-3060-8gb,RTX 3060 8GB,gpu,used,0,0,,,,,,,0,no_data,,False,OLX asking prices; not sold prices
rtx-3060-12gb,RTX 3060 12GB,gpu,new,0,0,,,,,,,0,no_data,,False,Observed retail offers; verify checkout and exact SKU
rtx-3060-12gb,RTX 3060 12GB,gpu,used,0,0,,,,,,,0,no_data,,False,OLX asking prices; not sold prices
rtx-3060-ti-8gb,RTX 3060 Ti 8GB,gpu,new,0,0,,,,,,,0,no_data,,False,Observed retail offers; verify checkout and exact SKU
rtx-3060-ti-8gb,RTX 3060 Ti 8GB,gpu,used,0,0,,,,,,,0,no_data,,False,OLX asking prices; not sold prices
rtx-3070-8gb,RTX 3070 8GB,gpu,new,0,0,,,,,,,0,no_data,,False,Observed retail offers; verify checkout and exact SKU
rtx-3070-8gb,RTX 3070 8GB,gpu,used,0,0,,,,,,,0,no_data,,False,OLX asking prices; not sold prices
rtx-3070-ti-8gb,RTX 3070 Ti 8GB,gpu,new,0,0,,,,,,,0,no_data,,False,Observed retail offers; verify checkout and exact SKU
rtx-3070-ti-8gb,RTX 3070 Ti 8GB,gpu,used,0,0,,,,,,,0,no_data,,False,OLX asking prices; not sold prices
rtx-3080-10gb,RTX 3080 10GB,gpu,new,0,0,,,,,,,0,no_data,,False,Observed retail offers; verify checkout and exact SKU
rtx-3080-10gb,RTX 3080 10GB,gpu,used,0,0,,,,,,,0,no_data,,False,OLX asking prices; not sold prices
rtx-3080-12gb,RTX 3080 12GB,gpu,new,0,0,,,,,,,0,no_data,,False,Observed retail offers; verify checkout and exact SKU
rtx-3080-12gb,RTX 3080 12GB,gpu,used,0,0,,,,,,,0,no_data,,False,OLX asking prices; not sold prices
rtx-3080-ti-12gb,RTX 3080 Ti 12GB,gpu,new,0,0,,,,,,,0,no_data,,False,Observed retail offers; verify checkout and exact SKU
rtx-3080-ti-12gb,RTX 3080 Ti 12GB,gpu,used,0,0,,,,,,,0,no_data,,False,OLX asking prices; not sold prices
rtx-3090-24gb,RTX 3090 24GB,gpu,new,0,0,,,,,,,0,no_data,,False,Observed retail offers; verify checkout and exact SKU
rtx-3090-24gb,RTX 3090 24GB,gpu,used,0,0,,,,,,,0,no_data,,False,OLX asking prices; not sold prices
rtx-3090-ti-24gb,RTX 3090 Ti 24GB,gpu,new,0,0,,,,,,,0,no_data,,False,Observed retail offers; verify checkout and exact SKU
rtx-3090-ti-24gb,RTX 3090 Ti 24GB,gpu,used,0,0,,,,,,,0,no_data,,False,OLX asking prices; not sold prices
rtx-4060-8gb,RTX 4060 8GB,gpu,new,0,0,,,,,,,0,no_data,,False,Observed retail offers; verify checkout and exact SKU
rtx-4060-8gb,RTX 4060 8GB,gpu,used,0,0,,,,,,,0,no_data,,False,OLX asking prices; not sold prices
rtx-4060-ti-8gb,RTX 4060 Ti 8GB,gpu,new,0,0,,,,,,,0,no_data,,False,Observed retail offers; verify checkout and exact SKU
rtx-4060-ti-8gb,RTX 4060 Ti 8GB,gpu,used,0,0,,,,,,,0,no_data,,False,OLX asking prices; not sold prices
rtx-4060-ti-16gb,RTX 4060 Ti 16GB,gpu,new,0,0,,,,,,,0,no_data,,False,Observed retail offers; verify checkout and exact SKU
rtx-4060-ti-16gb,RTX 4060 Ti 16GB,gpu,used,0,0,,,,,,,0,no_data,,False,OLX asking prices; not sold prices
rtx-4070-12gb,RTX 4070 12GB,gpu,new,0,0,,,,,,,0,no_data,,False,Observed retail offers; verify checkout and exact SKU
rtx-4070-12gb,RTX 4070 12GB,gpu,used,0,0,,,,,,,0,no_data,,False,OLX asking prices; not sold prices
rtx-4070-super-12gb,RTX 4070 Super 12GB,gpu,new,0,0,,,,,,,0,no_data,,False,Observed retail offers; verify checkout and exact SKU
rtx-4070-super-12gb,RTX 4070 Super 12GB,gpu,used,0,0,,,,,,,0,no_data,,False,OLX asking prices; not sold prices
rtx-4070-ti-12gb,RTX 4070 Ti 12GB,gpu,new,0,0,,,,,,,0,no_data,,False,Observed retail offers; verify checkout and exact SKU
rtx-4070-ti-12gb,RTX 4070 Ti 12GB,gpu,used,0,0,,,,,,,0,no_data,,False,OLX asking prices; not sold prices
rtx-4070-ti-super-16gb,RTX 4070 Ti Super 16GB,gpu,new,0,0,,,,,,,0,no_data,,False,Observed retail offers; verify checkout and exact SKU
rtx-4070-ti-super-16gb,RTX 4070 Ti Super 16GB,gpu,used,0,0,,,,,,,0,no_data,,False,OLX asking prices; not sold prices
rtx-4080-16gb,RTX 4080 16GB,gpu,new,0,0,,,,,,,0,no_data,,False,Observed retail offers; verify checkout and exact SKU
rtx-4080-16gb,RTX 4080 16GB,gpu,used,0,0,,,,,,,0,no_data,,False,OLX asking prices; not sold prices
rtx-4080-super-16gb,RTX 4080 Super 16GB,gpu,new,0,0,,,,,,,0,no_data,,False,Observed retail offers; verify checkout and exact SKU
rtx-4080-super-16gb,RTX 4080 Super 16GB,gpu,used,0,0,,,,,,,0,no_data,,False,OLX asking prices; not sold prices
rtx-4090-24gb,RTX 4090 24GB,gpu,new,0,0,,,,,,,0,no_data,,False,Observed retail offers; verify checkout and exact SKU
rtx-4090-24gb,RTX 4090 24GB,gpu,used,0,0,,,,,,,0,no_data,,False,OLX asking prices; not sold prices
rtx-5060-8gb,RTX 5060 8GB,gpu,new,0,0,,,,,,,0,no_data,,False,Observed retail offers; verify checkout and exact SKU
rtx-5060-8gb,RTX 5060 8GB,gpu,used,0,0,,,,,,,0,no_data,,False,OLX asking prices; not sold prices
rtx-5060-ti-8gb,RTX 5060 Ti 8GB,gpu,new,0,0,,,,,,,0,no_data,,False,Observed retail offers; verify checkout and exact SKU
rtx-5060-ti-8gb,RTX 5060 Ti 8GB,gpu,used,0,0,,,,,,,0,no_data,,False,OLX asking prices; not sold prices
rtx-5060-ti-16gb,RTX 5060 Ti 16GB,gpu,new,0,0,,,,,,,0,no_data,,False,Observed retail offers; verify checkout and exact SKU
rtx-5060-ti-16gb,RTX 5060 Ti 16GB,gpu,used,0,0,,,,,,,0,no_data,,False,OLX asking prices; not sold prices
rtx-5070-12gb,RTX 5070 12GB,gpu,new,0,0,,,,,,,0,no_data,,False,Observed retail offers; verify checkout and exact SKU
rtx-5070-12gb,RTX 5070 12GB,gpu,used,0,0,,,,,,,0,no_data,,False,OLX asking prices; not sold prices
rtx-5070-ti-16gb,RTX 5070 Ti 16GB,gpu,new,0,0,,,,,,,0,no_data,,False,Observed retail offers; verify checkout and exact SKU
rtx-5070-ti-16gb,RTX 5070 Ti 16GB,gpu,used,0,0,,,,,,,0,no_data,,False,OLX asking prices; not sold prices
rtx-5080-16gb,RTX 5080 16GB,gpu,new,0,0,,,,,,,0,no_data,,False,Observed retail offers; verify checkout and exact SKU
rtx-5080-16gb,RTX 5080 16GB,gpu,used,0,0,,,,,,,0,no_data,,False,OLX asking prices; not sold prices
rtx-5090-32gb,RTX 5090 32GB,gpu,new,0,0,,,,,,,0,no_data,,False,Observed retail offers; verify checkout and exact SKU
rtx-5090-32gb,RTX 5090 32GB,gpu,used,0,0,,,,,,,0,no_data,,False,OLX asking prices; not sold prices
rx-6600-8gb,RX 6600 8GB,gpu,new,0,0,,,,,,,0,no_data,,False,Observed retail offers; verify checkout and exact SKU
rx-6600-8gb,RX 6600 8GB,gpu,used,0,0,,,,,,,0,no_data,,False,OLX asking prices; not sold prices
rx-6600-xt-8gb,RX 6600 XT 8GB,gpu,new,0,0,,,,,,,0,no_data,,False,Observed retail offers; verify checkout and exact SKU
rx-6600-xt-8gb,RX 6600 XT 8GB,gpu,used,0,0,,,,,,,0,no_data,,False,OLX asking prices; not sold prices
rx-6650-xt-8gb,RX 6650 XT 8GB,gpu,new,0,0,,,,,,,0,no_data,,False,Observed retail offers; verify checkout and exact SKU
rx-6650-xt-8gb,RX 6650 XT 8GB,gpu,used,0,0,,,,,,,0,no_data,,False,OLX asking prices; not sold prices
rx-6700-xt-12gb,RX 6700 XT 12GB,gpu,new,0,0,,,,,,,0,no_data,,False,Observed retail offers; verify checkout and exact SKU
rx-6700-xt-12gb,RX 6700 XT 12GB,gpu,used,0,0,,,,,,,0,no_data,,False,OLX asking prices; not sold prices
rx-6750-xt-12gb,RX 6750 XT 12GB,gpu,new,0,0,,,,,,,0,no_data,,False,Observed retail offers; verify checkout and exact SKU
rx-6750-xt-12gb,RX 6750 XT 12GB,gpu,used,0,0,,,,,,,0,no_data,,False,OLX asking prices; not sold prices
rx-6800-16gb,RX 6800 16GB,gpu,new,0,0,,,,,,,0,no_data,,False,Observed retail offers; verify checkout and exact SKU
rx-6800-16gb,RX 6800 16GB,gpu,used,0,0,,,,,,,0,no_data,,False,OLX asking prices; not sold prices
rx-6800-xt-16gb,RX 6800 XT 16GB,gpu,new,0,0,,,,,,,0,no_data,,False,Observed retail offers; verify checkout and exact SKU
rx-6800-xt-16gb,RX 6800 XT 16GB,gpu,used,0,0,,,,,,,0,no_data,,False,OLX asking prices; not sold prices
rx-6900-xt-16gb,RX 6900 XT 16GB,gpu,new,0,0,,,,,,,0,no_data,,False,Observed retail offers; verify checkout and exact SKU
rx-6900-xt-16gb,RX 6900 XT 16GB,gpu,used,0,0,,,,,,,0,no_data,,False,OLX asking prices; not sold prices
rx-6950-xt-16gb,RX 6950 XT 16GB,gpu,new,0,0,,,,,,,0,no_data,,False,Observed retail offers; verify checkout and exact SKU
rx-6950-xt-16gb,RX 6950 XT 16GB,gpu,used,0,0,,,,,,,0,no_data,,False,OLX asking prices; not sold prices
rx-7600-8gb,RX 7600 8GB,gpu,new,0,0,,,,,,,0,no_data,,False,Observed retail offers; verify checkout and exact SKU
rx-7600-8gb,RX 7600 8GB,gpu,used,0,0,,,,,,,0,no_data,,False,OLX asking prices; not sold prices
rx-7600-xt-16gb,RX 7600 XT 16GB,gpu,new,0,0,,,,,,,0,no_data,,False,Observed retail offers; verify checkout and exact SKU
rx-7600-xt-16gb,RX 7600 XT 16GB,gpu,used,0,0,,,,,,,0,no_data,,False,OLX asking prices; not sold prices
rx-7700-xt-12gb,RX 7700 XT 12GB,gpu,new,0,0,,,,,,,0,no_data,,False,Observed retail offers; verify checkout and exact SKU
rx-7700-xt-12gb,RX 7700 XT 12GB,gpu,used,0,0,,,,,,,0,no_data,,False,OLX asking prices; not sold prices
rx-7800-xt-16gb,RX 7800 XT 16GB,gpu,new,0,0,,,,,,,0,no_data,,False,Observed retail offers; verify checkout and exact SKU
rx-7800-xt-16gb,RX 7800 XT 16GB,gpu,used,0,0,,,,,,,0,no_data,,False,OLX asking prices; not sold prices
rx-7900-gre-16gb,RX 7900 GRE 16GB,gpu,new,0,0,,,,,,,0,no_data,,False,Observed retail offers; verify checkout and exact SKU
rx-7900-gre-16gb,RX 7900 GRE 16GB,gpu,used,0,0,,,,,,,0,no_data,,False,OLX asking prices; not sold prices
rx-7900-xt-20gb,RX 7900 XT 20GB,gpu,new,0,0,,,,,,,0,no_data,,False,Observed retail offers; verify checkout and exact SKU
rx-7900-xt-20gb,RX 7900 XT 20GB,gpu,used,0,0,,,,,,,0,no_data,,False,OLX asking prices; not sold prices
rx-7900-xtx-24gb,RX 7900 XTX 24GB,gpu,new,0,0,,,,,,,0,no_data,,False,Observed retail offers; verify checkout and exact SKU
rx-7900-xtx-24gb,RX 7900 XTX 24GB,gpu,used,0,0,,,,,,,0,no_data,,False,OLX asking prices; not sold prices
rx-9060-xt-8gb,RX 9060 XT 8GB,gpu,new,0,0,,,,,,,0,no_data,,False,Observed retail offers; verify checkout and exact SKU
rx-9060-xt-8gb,RX 9060 XT 8GB,gpu,used,0,0,,,,,,,0,no_data,,False,OLX asking prices; not sold prices
rx-9060-xt-16gb,RX 9060 XT 16GB,gpu,new,0,0,,,,,,,0,no_data,,False,Observed retail offers; verify checkout and exact SKU
rx-9060-xt-16gb,RX 9060 XT 16GB,gpu,used,0,0,,,,,,,0,no_data,,False,OLX asking prices; not sold prices
rx-9070-16gb,RX 9070 16GB,gpu,new,0,0,,,,,,,0,no_data,,False,Observed retail offers; verify checkout and exact SKU
rx-9070-16gb,RX 9070 16GB,gpu,used,0,0,,,,,,,0,no_data,,False,OLX asking prices; not sold prices
rx-9070-xt-16gb,RX 9070 XT 16GB,gpu,new,0,0,,,,,,,0,no_data,,False,Observed retail offers; verify checkout and exact SKU
rx-9070-xt-16gb,RX 9070 XT 16GB,gpu,used,0,0,,,,,,,0,no_data,,False,OLX asking prices; not sold prices
arc-a750-8gb,Arc A750 8GB,gpu,new,0,0,,,,,,,0,no_data,,False,Observed retail offers; verify checkout and exact SKU
arc-a750-8gb,Arc A750 8GB,gpu,used,0,0,,,,,,,0,no_data,,False,OLX asking prices; not sold prices
arc-a770-16gb,Arc A770 16GB,gpu,new,0,0,,,,,,,0,no_data,,False,Observed retail offers; verify checkout and exact SKU
arc-a770-16gb,Arc A770 16GB,gpu,used,0,0,,,,,,,0,no_data,,False,OLX asking prices; not sold prices
arc-b580-12gb,Arc B580 12GB,gpu,new,0,0,,,,,,,0,no_data,,False,Observed retail offers; verify checkout and exact SKU
arc-b580-12gb,Arc B580 12GB,gpu,used,0,0,,,,,,,0,no_data,,False,OLX asking prices; not sold prices
ryzen-5-3600,Ryzen 5 3600,cpu,new,0,0,,,,,,,0,no_data,,False,Observed retail offers; verify checkout and exact SKU
ryzen-5-3600,Ryzen 5 3600,cpu,used,0,0,,,,,,,0,no_data,,False,OLX asking prices; not sold prices
ryzen-5-5500,Ryzen 5 5500,cpu,new,0,0,,,,,,,0,no_data,,False,Observed retail offers; verify checkout and exact SKU
ryzen-5-5500,Ryzen 5 5500,cpu,used,0,0,,,,,,,0,no_data,,False,OLX asking prices; not sold prices
ryzen-5-5600,Ryzen 5 5600,cpu,new,0,0,,,,,,,0,no_data,,False,Observed retail offers; verify checkout and exact SKU
ryzen-5-5600,Ryzen 5 5600,cpu,used,0,0,,,,,,,0,no_data,,False,OLX asking prices; not sold prices
ryzen-5-5600x,Ryzen 5 5600X,cpu,new,0,0,,,,,,,0,no_data,,False,Observed retail offers; verify checkout and exact SKU
ryzen-5-5600x,Ryzen 5 5600X,cpu,used,0,0,,,,,,,0,no_data,,False,OLX asking prices; not sold prices
ryzen-7-5700x,Ryzen 7 5700X,cpu,new,0,0,,,,,,,0,no_data,,False,Observed retail offers; verify checkout and exact SKU
ryzen-7-5700x,Ryzen 7 5700X,cpu,used,0,0,,,,,,,0,no_data,,False,OLX asking prices; not sold prices
ryzen-7-5700x3d,Ryzen 7 5700X3D,cpu,new,0,0,,,,,,,0,no_data,,False,Observed retail offers; verify checkout and exact SKU
ryzen-7-5700x3d,Ryzen 7 5700X3D,cpu,used,0,0,,,,,,,0,no_data,,False,OLX asking prices; not sold prices
ryzen-7-5800x3d,Ryzen 7 5800X3D,cpu,new,0,0,,,,,,,0,no_data,,False,Observed retail offers; verify checkout and exact SKU
ryzen-7-5800x3d,Ryzen 7 5800X3D,cpu,used,0,0,,,,,,,0,no_data,,False,OLX asking prices; not sold prices
ryzen-5-7500f,Ryzen 5 7500F,cpu,new,0,0,,,,,,,0,no_data,,False,Observed retail offers; verify checkout and exact SKU
ryzen-5-7500f,Ryzen 5 7500F,cpu,used,0,0,,,,,,,0,no_data,,False,OLX asking prices; not sold prices
ryzen-5-7600,Ryzen 5 7600,cpu,new,0,0,,,,,,,0,no_data,,False,Observed retail offers; verify checkout and exact SKU
ryzen-5-7600,Ryzen 5 7600,cpu,used,0,0,,,,,,,0,no_data,,False,OLX asking prices; not sold prices
ryzen-5-7600x,Ryzen 5 7600X,cpu,new,0,0,,,,,,,0,no_data,,False,Observed retail offers; verify checkout and exact SKU
ryzen-5-7600x,Ryzen 5 7600X,cpu,used,0,0,,,,,,,0,no_data,,False,OLX asking prices; not sold prices
ryzen-7-7700,Ryzen 7 7700,cpu,new,0,0,,,,,,,0,no_data,,False,Observed retail offers; verify checkout and exact SKU
ryzen-7-7700,Ryzen 7 7700,cpu,used,0,0,,,,,,,0,no_data,,False,OLX asking prices; not sold prices
ryzen-7-7800x3d,Ryzen 7 7800X3D,cpu,new,0,0,,,,,,,0,no_data,,False,Observed retail offers; verify checkout and exact SKU
ryzen-7-7800x3d,Ryzen 7 7800X3D,cpu,used,0,0,,,,,,,0,no_data,,False,OLX asking prices; not sold prices
ryzen-9-7950x,Ryzen 9 7950X,cpu,new,0,0,,,,,,,0,no_data,,False,Observed retail offers; verify checkout and exact SKU
ryzen-9-7950x,Ryzen 9 7950X,cpu,used,0,0,,,,,,,0,no_data,,False,OLX asking prices; not sold prices
ryzen-5-9600x,Ryzen 5 9600X,cpu,new,0,0,,,,,,,0,no_data,,False,Observed retail offers; verify checkout and exact SKU
ryzen-5-9600x,Ryzen 5 9600X,cpu,used,0,0,,,,,,,0,no_data,,False,OLX asking prices; not sold prices
ryzen-7-9700x,Ryzen 7 9700X,cpu,new,0,0,,,,,,,0,no_data,,False,Observed retail offers; verify checkout and exact SKU
ryzen-7-9700x,Ryzen 7 9700X,cpu,used,0,0,,,,,,,0,no_data,,False,OLX asking prices; not sold prices
ryzen-7-9800x3d,Ryzen 7 9800X3D,cpu,new,0,0,,,,,,,0,no_data,,False,Observed retail offers; verify checkout and exact SKU
ryzen-7-9800x3d,Ryzen 7 9800X3D,cpu,used,0,0,,,,,,,0,no_data,,False,OLX asking prices; not sold prices
ryzen-9-9900x,Ryzen 9 9900X,cpu,new,0,0,,,,,,,0,no_data,,False,Observed retail offers; verify checkout and exact SKU
ryzen-9-9900x,Ryzen 9 9900X,cpu,used,0,0,,,,,,,0,no_data,,False,OLX asking prices; not sold prices
ryzen-9-9950x,Ryzen 9 9950X,cpu,new,0,0,,,,,,,0,no_data,,False,Observed retail offers; verify checkout and exact SKU
ryzen-9-9950x,Ryzen 9 9950X,cpu,used,0,0,,,,,,,0,no_data,,False,OLX asking prices; not sold prices
ryzen-9-9950x3d,Ryzen 9 9950X3D,cpu,new,0,0,,,,,,,0,no_data,,False,Observed retail offers; verify checkout and exact SKU
ryzen-9-9950x3d,Ryzen 9 9950X3D,cpu,used,0,0,,,,,,,0,no_data,,False,OLX asking prices; not sold prices
intel-core-i3-12100f,Intel Core i3-12100F,cpu,new,0,0,,,,,,,0,no_data,,False,Observed retail offers; verify checkout and exact SKU
intel-core-i3-12100f,Intel Core i3-12100F,cpu,used,0,0,,,,,,,0,no_data,,False,OLX asking prices; not sold prices
intel-core-i5-12400f,Intel Core i5-12400F,cpu,new,0,0,,,,,,,0,no_data,,False,Observed retail offers; verify checkout and exact SKU
intel-core-i5-12400f,Intel Core i5-12400F,cpu,used,0,0,,,,,,,0,no_data,,False,OLX asking prices; not sold prices
intel-core-i5-13400f,Intel Core i5-13400F,cpu,new,0,0,,,,,,,0,no_data,,False,Observed retail offers; verify checkout and exact SKU
intel-core-i5-13400f,Intel Core i5-13400F,cpu,used,0,0,,,,,,,0,no_data,,False,OLX asking prices; not sold prices
intel-core-i5-13600k,Intel Core i5-13600K,cpu,new,0,0,,,,,,,0,no_data,,False,Observed retail offers; verify checkout and exact SKU
intel-core-i5-13600k,Intel Core i5-13600K,cpu,used,0,0,,,,,,,0,no_data,,False,OLX asking prices; not sold prices
intel-core-i5-14400f,Intel Core i5-14400F,cpu,new,0,0,,,,,,,0,no_data,,False,Observed retail offers; verify checkout and exact SKU
intel-core-i5-14400f,Intel Core i5-14400F,cpu,used,0,0,,,,,,,0,no_data,,False,OLX asking prices; not sold prices
intel-core-i5-14600k,Intel Core i5-14600K,cpu,new,0,0,,,,,,,0,no_data,,False,Observed retail offers; verify checkout and exact SKU
intel-core-i5-14600k,Intel Core i5-14600K,cpu,used,0,0,,,,,,,0,no_data,,False,OLX asking prices; not sold prices
intel-core-i7-14700k,Intel Core i7-14700K,cpu,new,0,0,,,,,,,0,no_data,,False,Observed retail offers; verify checkout and exact SKU
intel-core-i7-14700k,Intel Core i7-14700K,cpu,used,0,0,,,,,,,0,no_data,,False,OLX asking prices; not sold prices
intel-core-i9-14900k,Intel Core i9-14900K,cpu,new,0,0,,,,,,,0,no_data,,False,Observed retail offers; verify checkout and exact SKU
intel-core-i9-14900k,Intel Core i9-14900K,cpu,used,0,0,,,,,,,0,no_data,,False,OLX asking prices; not sold prices
intel-core-ultra-5-245k,Intel Core Ultra 5 245K,cpu,new,0,0,,,,,,,0,no_data,,False,Observed retail offers; verify checkout and exact SKU
intel-core-ultra-5-245k,Intel Core Ultra 5 245K,cpu,used,0,0,,,,,,,0,no_data,,False,OLX asking prices; not sold prices
intel-core-ultra-7-265k,Intel Core Ultra 7 265K,cpu,new,0,0,,,,,,,0,no_data,,False,Observed retail offers; verify checkout and exact SKU
intel-core-ultra-7-265k,Intel Core Ultra 7 265K,cpu,used,0,0,,,,,,,0,no_data,,False,OLX asking prices; not sold prices
intel-core-ultra-9-285k,Intel Core Ultra 9 285K,cpu,new,0,0,,,,,,,0,no_data,,False,Observed retail offers; verify checkout and exact SKU
intel-core-ultra-9-285k,Intel Core Ultra 9 285K,cpu,used,0,0,,,,,,,0,no_data,,False,OLX asking prices; not sold prices
msi-b650-gaming-plus-wifi,MSI B650 Gaming Plus WiFi,motherboard,new,0,0,,,,,,,0,no_data,,False,Observed retail offers; verify checkout and exact SKU
msi-b650-gaming-plus-wifi,MSI B650 Gaming Plus WiFi,motherboard,used,0,0,,,,,,,0,no_data,,False,OLX asking prices; not sold prices
msi-b550-tomahawk,MSI B550 Tomahawk,motherboard,new,0,0,,,,,,,0,no_data,,False,Observed retail offers; verify checkout and exact SKU
msi-b550-tomahawk,MSI B550 Tomahawk,motherboard,used,0,0,,,,,,,0,no_data,,False,OLX asking prices; not sold prices
gigabyte-b650-eagle-ax,Gigabyte B650 Eagle AX,motherboard,new,0,0,,,,,,,0,no_data,,False,Observed retail offers; verify checkout and exact SKU
gigabyte-b650-eagle-ax,Gigabyte B650 Eagle AX,motherboard,used,0,0,,,,,,,0,no_data,,False,OLX asking prices; not sold prices
asus-tuf-gaming-b760-plus-wifi-ddr5,ASUS TUF Gaming B760-Plus WiFi DDR5,motherboard,new,0,0,,,,,,,0,no_data,,False,Observed retail offers; verify checkout and exact SKU
asus-tuf-gaming-b760-plus-wifi-ddr5,ASUS TUF Gaming B760-Plus WiFi DDR5,motherboard,used,0,0,,,,,,,0,no_data,,False,OLX asking prices; not sold prices
kingston-fury-beast-32gb-ddr5-6000-cl30,Kingston Fury Beast 32GB DDR5 6000 CL30,ram,new,0,0,,,,,,,0,no_data,,False,Observed retail offers; verify checkout and exact SKU
kingston-fury-beast-32gb-ddr5-6000-cl30,Kingston Fury Beast 32GB DDR5 6000 CL30,ram,used,0,0,,,,,,,0,no_data,,False,OLX asking prices; not sold prices
corsair-vengeance-32gb-ddr5-6000-cl30,Corsair Vengeance 32GB DDR5 6000 CL30,ram,new,0,0,,,,,,,0,no_data,,False,Observed retail offers; verify checkout and exact SKU
corsair-vengeance-32gb-ddr5-6000-cl30,Corsair Vengeance 32GB DDR5 6000 CL30,ram,used,0,0,,,,,,,0,no_data,,False,OLX asking prices; not sold prices
kingston-fury-beast-16gb-ddr4-3200-cl16,Kingston Fury Beast 16GB DDR4 3200 CL16,ram,new,0,0,,,,,,,0,no_data,,False,Observed retail offers; verify checkout and exact SKU
kingston-fury-beast-16gb-ddr4-3200-cl16,Kingston Fury Beast 16GB DDR4 3200 CL16,ram,used,0,0,,,,,,,0,no_data,,False,OLX asking prices; not sold prices
samsung-990-pro-1tb,Samsung 990 Pro 1TB,ssd,new,0,0,,,,,,,0,no_data,,False,Observed retail offers; verify checkout and exact SKU
samsung-990-pro-1tb,Samsung 990 Pro 1TB,ssd,used,0,0,,,,,,,0,no_data,,False,OLX asking prices; not sold prices
samsung-990-pro-2tb,Samsung 990 Pro 2TB,ssd,new,0,0,,,,,,,0,no_data,,False,Observed retail offers; verify checkout and exact SKU
samsung-990-pro-2tb,Samsung 990 Pro 2TB,ssd,used,0,0,,,,,,,0,no_data,,False,OLX asking prices; not sold prices
wd-black-sn850x-2tb,WD Black SN850X 2TB,ssd,new,0,0,,,,,,,0,no_data,,False,Observed retail offers; verify checkout and exact SKU
wd-black-sn850x-2tb,WD Black SN850X 2TB,ssd,used,0,0,,,,,,,0,no_data,,False,OLX asking prices; not sold prices
kingston-nv3-1tb,Kingston NV3 1TB,ssd,new,0,0,,,,,,,0,no_data,,False,Observed retail offers; verify checkout and exact SKU
kingston-nv3-1tb,Kingston NV3 1TB,ssd,used,0,0,,,,,,,0,no_data,,False,OLX asking prices; not sold prices
team-mp33-pro-2tb,Team MP33 Pro 2TB,ssd,new,0,0,,,,,,,0,no_data,,False,Observed retail offers; verify checkout and exact SKU
team-mp33-pro-2tb,Team MP33 Pro 2TB,ssd,used,0,0,,,,,,,0,no_data,,False,OLX asking prices; not sold prices
seagate-barracuda-st2000dm008,Seagate Barracuda ST2000DM008,hdd,new,0,0,,,,,,,0,no_data,,False,Observed retail offers; verify checkout and exact SKU
seagate-barracuda-st2000dm008,Seagate Barracuda ST2000DM008,hdd,used,0,0,,,,,,,0,no_data,,False,OLX asking prices; not sold prices
wd-blue-wd20ezbx,WD Blue WD20EZBX,hdd,new,0,0,,,,,,,0,no_data,,False,Observed retail offers; verify checkout and exact SKU
wd-blue-wd20ezbx,WD Blue WD20EZBX,hdd,used,0,0,,,,,,,0,no_data,,False,OLX asking prices; not sold prices
corsair-rm750e-750w,Corsair RM750e 750W,psu,new,0,0,,,,,,,0,no_data,,False,Observed retail offers; verify checkout and exact SKU
corsair-rm750e-750w,Corsair RM750e 750W,psu,used,0,0,,,,,,,0,no_data,,False,OLX asking prices; not sold prices
corsair-rm850e-850w,Corsair RM850e 850W,psu,new,0,0,,,,,,,0,no_data,,False,Observed retail offers; verify checkout and exact SKU
corsair-rm850e-850w,Corsair RM850e 850W,psu,used,0,0,,,,,,,0,no_data,,False,OLX asking prices; not sold prices
be-quiet-pure-power-12-m-750w,be quiet Pure Power 12 M 750W,psu,new,0,0,,,,,,,0,no_data,,False,Observed retail offers; verify checkout and exact SKU
be-quiet-pure-power-12-m-750w,be quiet Pure Power 12 M 750W,psu,used,0,0,,,,,,,0,no_data,,False,OLX asking prices; not sold prices
msi-mag-a750gl-pcie5,MSI MAG A750GL PCIE5,psu,new,0,0,,,,,,,0,no_data,,False,Observed retail offers; verify checkout and exact SKU
msi-mag-a750gl-pcie5,MSI MAG A750GL PCIE5,psu,used,0,0,,,,,,,0,no_data,,False,OLX asking prices; not sold prices
corsair-4000d-airflow,Corsair 4000D Airflow,case,new,0,0,,,,,,,0,no_data,,False,Observed retail offers; verify checkout and exact SKU
corsair-4000d-airflow,Corsair 4000D Airflow,case,used,0,0,,,,,,,0,no_data,,False,OLX asking prices; not sold prices
nzxt-h5-flow,NZXT H5 Flow,case,new,0,0,,,,,,,0,no_data,,False,Observed retail offers; verify checkout and exact SKU
nzxt-h5-flow,NZXT H5 Flow,case,used,0,0,,,,,,,0,no_data,,False,OLX asking prices; not sold prices
deepcool-cc560,DeepCool CC560,case,new,0,0,,,,,,,0,no_data,,False,Observed retail offers; verify checkout and exact SKU
deepcool-cc560,DeepCool CC560,case,used,0,0,,,,,,,0,no_data,,False,OLX asking prices; not sold prices
deepcool-ak400,DeepCool AK400,cpu_cooler,new,0,0,,,,,,,0,no_data,,False,Observed retail offers; verify checkout and exact SKU
deepcool-ak400,DeepCool AK400,cpu_cooler,used,0,0,,,,,,,0,no_data,,False,OLX asking prices; not sold prices
thermalright-peerless-assassin-120-se,Thermalright Peerless Assassin 120 SE,cpu_cooler,new,0,0,,,,,,,0,no_data,,False,Observed retail offers; verify checkout and exact SKU
thermalright-peerless-assassin-120-se,Thermalright Peerless Assassin 120 SE,cpu_cooler,used,0,0,,,,,,,0,no_data,,False,OLX asking prices; not sold prices
noctua-nh-d15,Noctua NH-D15,cpu_cooler,new,0,0,,,,,,,0,no_data,,False,Observed retail offers; verify checkout and exact SKU
noctua-nh-d15,Noctua NH-D15,cpu_cooler,used,0,0,,,,,,,0,no_data,,False,OLX asking prices; not sold prices
arctic-liquid-freezer-iii-360,Arctic Liquid Freezer III 360,aio,new,0,0,,,,,,,0,no_data,,False,Observed retail offers; verify checkout and exact SKU
arctic-liquid-freezer-iii-360,Arctic Liquid Freezer III 360,aio,used,0,0,,,,,,,0,no_data,,False,OLX asking prices; not sold prices
arctic-p12-pwm-pst,Arctic P12 PWM PST,case_fan,new,0,0,,,,,,,0,no_data,,False,Observed retail offers; verify checkout and exact SKU
arctic-p12-pwm-pst,Arctic P12 PWM PST,case_fan,used,0,0,,,,,,,0,no_data,,False,OLX asking prices; not sold prices
noctua-nf-a12x25-pwm,Noctua NF-A12x25 PWM,case_fan,new,0,0,,,,,,,0,no_data,,False,Observed retail offers; verify checkout and exact SKU
noctua-nf-a12x25-pwm,Noctua NF-A12x25 PWM,case_fan,used,0,0,,,,,,,0,no_data,,False,OLX asking prices; not sold prices
tp-link-archer-tx3000e,TP-Link Archer TX3000E,network_card,new,0,0,,,,,,,0,no_data,,False,Observed retail offers; verify checkout and exact SKU
tp-link-archer-tx3000e,TP-Link Archer TX3000E,network_card,used,0,0,,,,,,,0,no_data,,False,OLX asking prices; not sold prices
intel-x550-t2,Intel X550-T2,network_card,new,0,0,,,,,,,0,no_data,,False,Observed retail offers; verify checkout and exact SKU
intel-x550-t2,Intel X550-T2,network_card,used,0,0,,,,,,,0,no_data,,False,OLX asking prices; not sold prices
creative-sound-blaster-ae-5-plus,Creative Sound Blaster AE-5 Plus,sound_card,new,0,0,,,,,,,0,no_data,,False,Observed retail offers; verify checkout and exact SKU
creative-sound-blaster-ae-5-plus,Creative Sound Blaster AE-5 Plus,sound_card,used,0,0,,,,,,,0,no_data,,False,OLX asking prices; not sold prices
asus-drw-24d5mt,ASUS DRW-24D5MT,optical_drive,new,0,0,,,,,,,0,no_data,,False,Observed retail offers; verify checkout and exact SKU
asus-drw-24d5mt,ASUS DRW-24D5MT,optical_drive,used,0,0,,,,,,,0,no_data,,False,OLX asking prices; not sold prices
aoc-24g4x,AOC 24G4X,monitor,new,0,0,,,,,,,0,no_data,,False,Observed retail offers; verify checkout and exact SKU
aoc-24g4x,AOC 24G4X,monitor,used,0,0,,,,,,,0,no_data,,False,OLX asking prices; not sold prices
dell-g2724d,Dell G2724D,monitor,new,0,0,,,,,,,0,no_data,,False,Observed retail offers; verify checkout and exact SKU
dell-g2724d,Dell G2724D,monitor,used,0,0,,,,,,,0,no_data,,False,OLX asking prices; not sold prices
logitech-g413-se,Logitech G413 SE,keyboard,new,0,0,,,,,,,0,no_data,,False,Observed retail offers; verify checkout and exact SKU
logitech-g413-se,Logitech G413 SE,keyboard,used,0,0,,,,,,,0,no_data,,False,OLX asking prices; not sold prices
logitech-g502-hero,Logitech G502 Hero,mouse,new,0,0,,,,,,,0,no_data,,False,Observed retail offers; verify checkout and exact SKU
logitech-g502-hero,Logitech G502 Hero,mouse,used,0,0,,,,,,,0,no_data,,False,OLX asking prices; not sold prices
hyperx-cloud-iii,HyperX Cloud III,headset,new,0,0,,,,,,,0,no_data,,False,Observed retail offers; verify checkout and exact SKU
hyperx-cloud-iii,HyperX Cloud III,headset,used,0,0,,,,,,,0,no_data,,False,OLX asking prices; not sold prices
apc-bx750mi,APC BX750MI,ups,new,0,0,,,,,,,0,no_data,,False,Observed retail offers; verify checkout and exact SKU
apc-bx750mi,APC BX750MI,ups,used,0,0,,,,,,,0,no_data,,False,OLX asking prices; not sold prices
